{"cameraMode":{"drawMode":0,"name":"Shaded","section":"Shading Mode"},"sceneLighting":true,"audioPlay":false,"sceneViewState":{"m_AlwaysRefresh":false,"showFog":true,"showSkybox":true,"showFlares":true,"showImageEffects":true,"showParticleSystems":true,"showVisualEffectGraphs":true,"m_FxEnabled":true},"in2DMode":false,"pivot":{"x":0.12235784530639649,"y":2.28720760345459,"z":2.0302422046661379},"rotation":{"x":0.13278958201408387,"y":0.5728561282157898,"z":-0.09469177573919296,"w":0.8034010529518127},"size":3.859830617904663,"orthographic":false}