{"cameraMode":{"drawMode":0,"name":"Shaded","section":"Shading Mode"},"sceneLighting":false,"audioPlay":false,"sceneViewState":{"m_AlwaysRefresh":false,"showFog":true,"showSkybox":false,"showFlares":true,"showImageEffects":true,"showParticleSystems":true,"showVisualEffectGraphs":true,"m_FxEnabled":true},"in2DMode":false,"pivot":{"x":0.04581242799758911,"y":0.5260115265846252,"z":0.10071486234664917},"rotation":{"x":-0.09118510037660599,"y":-0.7927545309066773,"z":0.12249790132045746,"w":-0.5901071429252625},"size":2.2147130966186525,"orthographic":false}