{"cameraMode":{"drawMode":0,"name":"Shaded","section":"Shading Mode"},"sceneLighting":false,"audioPlay":false,"sceneViewState":{"m_AlwaysRefresh":false,"showFog":true,"showSkybox":true,"showFlares":true,"showImageEffects":true,"showParticleSystems":true,"showVisualEffectGraphs":true,"m_FxEnabled":false},"in2DMode":false,"pivot":{"x":-0.038246870040893558,"y":1.5374841690063477,"z":0.06148412823677063},"rotation":{"x":0.09768830239772797,"y":0.7383798956871033,"z":-0.10955554246902466,"w":0.6582803726196289},"size":1.9676321744918824,"orthographic":false}