{"cameraMode":{"drawMode":0,"name":"Shaded","section":"Shading Mode"},"sceneLighting":false,"audioPlay":false,"sceneViewState":{"m_AlwaysRefresh":false,"showFog":true,"showSkybox":true,"showFlares":true,"showImageEffects":true,"showParticleSystems":true,"showVisualEffectGraphs":true,"m_FxEnabled":false},"in2DMode":false,"pivot":{"x":-27.932331085205079,"y":-3.2937936782836916,"z":4.339727878570557},"rotation":{"x":0.10146927833557129,"y":-0.6436426639556885,"z":0.08662610501050949,"w":0.7536708116531372},"size":19.452096939086915,"orthographic":false}