{"cameraMode":{"drawMode":0,"name":"Shaded","section":"Shading Mode"},"sceneLighting":false,"audioPlay":false,"sceneViewState":{"m_AlwaysRefresh":false,"showFog":true,"showSkybox":true,"showFlares":true,"showImageEffects":true,"showParticleSystems":true,"showVisualEffectGraphs":true,"m_FxEnabled":false},"in2DMode":false,"pivot":{"x":0.00013974308967590332,"y":6.054221153259277,"z":-370.82928466796877},"rotation":{"x":0.26085561513900759,"y":0.18103882670402528,"z":-0.05007798597216606,"w":0.9470645189285278},"size":2.043619394302368,"orthographic":false}